{
  "image\u2192pose_R@1": 7.385910179206269,
  "image\u2192pose_R@5": 31.221527663750535,
  "image\u2192pose_R@10": 51.22213863760467,
  "image\u2192pressure_R@1": 1.4476261756473459,
  "image\u2192pressure_R@5": 6.895603661260822,
  "image\u2192pressure_R@10": 12.826632350301859,
  "pose\u2192image_R@1": 5.808833918213512,
  "pose\u2192image_R@5": 25.317992798145696,
  "pose\u2192image_R@10": 42.922822546462655,
  "pose\u2192pressure_R@1": 2.3331564054880727,
  "pose\u2192pressure_R@5": 10.765359309905032,
  "pose\u2192pressure_R@10": 19.632499226736215,
  "pressure\u2192image_R@1": 3.0159196874868734,
  "pressure\u2192image_R@5": 14.004666312810976,
  "pressure\u2192image_R@10": 25.16295818265827,
  "pressure\u2192pose_R@1": 5.300580043302771,
  "pressure\u2192pose_R@5": 23.388460995047293,
  "pressure\u2192pose_R@10": 40.06728349568691,
  "image+pose\u2192pressure_R@1": 2.6562088308633443,
  "image+pose\u2192pressure_R@5": 12.228259831905818,
  "image+pose\u2192pressure_R@10": 21.91945073450513,
  "image+pressure\u2192pose_R@1": 10.227320459605082,
  "image+pressure\u2192pose_R@5": 41.159399259957915,
  "image+pressure\u2192pose_R@10": 63.727245997166605,
  "pose+pressure\u2192image_R@1": 7.172451188916934,
  "pose+pressure\u2192image_R@5": 30.447882020948764,
  "pose+pressure\u2192image_R@10": 49.68286638383669,
  "mRecall_Single": 18.2622206438731,
  "mRecall_Dual": 26.580120523078477,
  "mRecall_Overall": 22.42117058347579
}